"","mpg","hp","wt","disp"
"mpg",1,-0.776168371826586,-0.867659376517228,-0.847551379262479
"hp",-0.776168371826586,1,0.658747887344759,0.790948586369806
"wt",-0.867659376517228,0.658747887344759,1,0.887979922058138
"disp",-0.847551379262479,0.790948586369806,0.887979922058138,1
